35,,Diatoms,NO3,NO3,ZoopCluster,[6 7 8],,1,1,34.08850098,237.5,0,0.821677029,0,0,0,0,,0,0,,0,0,,0,0,0.27,0.575,0.5,0,0,0,0.0823,0.243033348,0,0,0,0.3,0,0.025615,0,0,0,0,0,0.6,0,0.405,0,0,0,0,0,0,0,0,0,0,0,0,0,0,0,,0,0,0,0,109.8355713,50.77647018,25.55290413,0,0,0,0.311077327,6.234040737,0,0,0,0.967781365,0,0.058061413,0,0,0,0,0,1.411502242,0,0.000902808,0,0,0,0,0,0,0,0,0,0,0,,1,0,0,0,,1,1,1,,0,0,0,0,0,0,0,0,0,0,0,0,,0.995,0.7,0.5,0.1,0.1,0.2,0,0,0,0,0,0,0,0,0,0,0,0,0,0,0,0,0,0,0,0,0,0,0,0,0,0,0,0,0,0,0,,0,0,,0,0,,0,0,0.2,0.2,0.2,0,0,0,1.2,1.59986117,0,0,0,0,0,0.5,0,0,0,0,0,0,0,0.7,0,0,0,0,0,0,0,0,0,0,0,0,0,0,0,,1,1,1,1,1,1,1,1,1,1,1,1,1,1,1,1,1,1,1,1,1,1,1,1,1,1,1,1,1,1,1,1,1,1,1,1,1,1,1,,0,0,0,0,0,0,0,0,0,0,0,0,0,0,0,0,0,0,0,0,0,0,0,0,0,0,0,0,0,0,0,0,0,0,0,0,0,0,0,0,0,0,0,0,0,0,0,0
4,,Dino- and silic,pelagic NH4,pelagic_NH4,ForageFishCluster,[12 13 17],,2,1,13.37699986,237.5,0,0.966893911,0,0,0,0,,0,0,,0,0,,0,0,0.13,0.275,0.25,0,0,0,0.026765,0.002666667,0,0,0,0,0,0,0,0,0,0,0,0,0,0,0,0,0,0,0,0,0,0,0,0,0,0,0,0,0,,0,0,0,0,134.7633362,61.88373947,32.55812836,0,0,0,0.257801235,0.17430976,0,0,0,0,0,0,0,0,0,0,0,0,0,0,0,0,0,0,0,0,0,0,0,0,0,,1,0,0,0,,2,1.1,2,,0,0,0,0,0,0,0,0,0,0,0,0,,0.995,0.7,0.5,0.1,0.1,0.2,0,0,0,0,0,0,0,0,0,0,0,0,0,0,0,0,0,0,0,0,0,0,0,0,0,0,0,0,0,0,0,,0,0,,0,0,,0,0,0.2,0.2,0.2,0,0,0,0.9,0.866025404,0,0,0,0,0,0,0,0,0,0,0,0,0,0,0,0,0,0,0,0,0,0,0,0,0,0,0,0,0,,1,1,1,1,1,1,1,1,1,1,1,1,1,1,1,1,1,1,1,1,1,1,1,1,1,1,1,1,1,1,1,1,1,1,1,1,1,1,1,,0,0,0,0,0,0,0,0,0,0,0,0,0,0,0,0,0,0,0,0,0,0,0,0,0,0,0,0,0,0,0,0,0,0,0,0,0,0,0,0,0,0,0,0,0,0,0,0
2,,Microzooplankton,benthic NH4,benthic_NH4,,,,3,2.212121248,13.54213619,256,1024,0.956744611,0.25,0.2,0,0,,0,0,,0,0,,0,0,0.175,0.15,0.25,0,0,0,0.021,0.000349217,0,0,0,0,0,2.455E-08,0,0,0,0,0,0,0,0,0,0,0,0,0,0,0,0,0,0,0,0,0,0,0,,0,0,0,0,179.1999969,33.34315491,32.16110611,0,0,0,0.199806005,0.022548648,0,0,0,0,0,1.40077E-07,0,0,0,0,0,0,0,0,0,0,0,0,0,0,0,0,0,0,0,,1,0,0,0,,3,1.2,3,,0,0,0,0,0,0,0,0,0,0,0,0,,0.995,0,0.6,0,0.2,0.2,0,0,0,0,0,0,0,0,0,0,0,0,0,0,0,0,0,0,0,0,0,0,0,0,0,0,0,0,0,0,0,,0,0,,0,0,,0,0,0.2,0.2,0.2,0,0,0,1.021,1.077404106,0,0,0,0,0,0.5,0,0,0,0,0,0,0,0,0,0,0,0,0,0,0,0,0,0,0,0,0,0,0,,1,1,1,1,1,1,1,1,1,1,1,1,1,1,1,1,1,1,1,1,1,1,1,1,1,1,1,1,1,1,1,1,1,1,1,1,1,1,1,,0,0,0,0,0,0,0,0,0,0,0,0,0,0,0,0,0,0,0,0,0,0,0,0,0,0,0,0,0,0,0,0,0,0,0,0,0,0,0,0,0,0,0,0,0,0,0,0
3,,Mesozooplankton,Diatoms,large_phytoplankton,,,,4,2.181818247,24.08200073,40,125,0.891766548,0.319999993,0.35,0,0,,0,0,,0,0,,0,0,0,0,0,0.64,0.61,0,0.629,0.388337685,0.15,0.0655,0,0.65,0.0555,0.132975,0,0,0,0,0,0.4,0,0.08,0,0,0,0,0.00213,0,0,0,0,0,0,0,0,0,0,,0,0,0,0,0,0,0,0.000703716,12.00647831,0,3.365383148,14.10030937,1.275635362,0.026561594,0,2.968141794,0.168213367,0.426656693,0,0,0,0,0,1.332004428,0,0.000252433,0,0,0,0,0.000325555,0,0,0,0,0,0,,0.2,0,0,0.8,,4,2.1,4,,0,0,0,0,0,0,0,1,1,0,0,0,,0.995,0.7,0.6,0,0.2,0.2,0,0,0,0,0,0,0,0,0,0,0,0,0,0,0,0,0,0,0,0,0,0,0,0,0,0,0,0,0,0,0,,0,0,,0,0,,0,0,0,0,0,0.2,0.3,0,0.335,0.478714854,0.2,0.5,0,0,0.5,0.5,0,0,0,0,0,0,0,0.7,0,0,0,0,0.7,0,0,0,0,0,0,0,0,0,0,,1,1,1,1,1,1,1,1,1,1,1,1,1,1,1,1,1,1,1,1,1,1,1,1,1,1,1,1,1,1,1,1,1,1,1,1,1,1,1,,0,0,0,0,0,0,0,0,0,0,0,0,0,0,0,0,0,0,0,0,0,0,0,0,0,0,0,0,0,0,0,0,0,0,0,0,0,0,0,0,0,0,0,0,0,0,0,0
0,,Macrozooplankton,Dino- and silic,small_phytoplankton,,,,5,2.303030252,37.42471313,19.08550072,46.54999924,0.949999869,0.410000026,0.2,0,0,,0,0,,0,0,,0,0,0,0,0,0.12,0.17,0,0.24,0.364597437,0.85,0.203,0.89,0,0.3273,0.2815,0.001,0.14,0.007,0.06605,0,0,0.0399,0.01315,0,0.166,0.0003815,0.793,0.054,0.0105,0,0,0.3,0.039,0,0,0,0,0,,0,0,0,0,0,0,0,8.49049E-05,2.153122663,0,0.826283753,8.518572807,4.651449203,0.052971579,0.429561943,0,0.638333499,0.581193984,0.000195876,0.056211907,0.000642683,0.000619396,0,0,0.000437149,2.67003E-05,0,0.01154868,1.82449E-05,0.194248348,0.005310958,4.77312E-05,0,0,0.01034076,1.24853E-06,0,,0.2,0,0,0.8,,5,2.2,5,,0,0,0,0,0,0,1,0,1,0,0,0,,0.995,0.7,0.6,0,0.2,0.2,0,0,0,0,0,0,0,0,0,0,0,0,0,0,0,0,0,0,0,0,0,0,0,0,0,0,0,0,0,0,0,,0,0,,0,0,,0,0,0,0,0,0.2,0.3,0,1.183,0.920379752,0.2,0.5,0,0,0.5,0.5,0.5,1,1,1,0,0,0.7,0.7,0,0.7,0.7,0.7,0.7,0.7,0,0,0,1,0,0,0,0,0,,1,1,1,1,1,1,1,1,1,1,1,1,1,1,1,1,1,1,1,1,1,1,1,1,1,1,1,1,1,1,1,1,1,1,1,1,1,1,1,,0,0,0,0,0,0,0,0,0,0,0,0,0,0,0,0,0,0,0,0,0,0,0,0,0,0,0,0,0,0,0,0,0,0,0,0,0,0,0,0,0,0,0,0,0,0,0,0
0.666666667,,Gelatinous zoop,Microzooplankton,microzooplankton,,,,6,2.992424488,0.009068333,0.583999991,2.919999838,0.949999988,0.200000003,0.35,0,0,,0,0,,0,0,,0,0,0,0,0,0.04,0,0,0,0,0,0,0,0,0,0,0,0,0,0,0,0,0,0,0,0,0.00214,0,0,0,0,0,0,0,0.25,0,0,0,0,,0,0,0,0,0,0,0,0.116799995,0,0,0,0,0,0,0,0,0,0,0,0,0,0,0,0,0,0,0,0,0.422368646,0,0,0,0,0,0,0,0.01563132,,0.95,0,0,0.05,,6,3.11,6,,0,0,0,0,1,0,1,0,1,0,0,0,,0.995,0,0.2,0,0.2,0.2,0,0,0,0,0,0,0,0,0,0,0,0,0,0,0,0,0,0,0,0,0,0,0,0,0,0,0,0,0,0,0,,0,0,,0,0,,0,0,0,0,0,0.2,0.2,0,0,1.732050808,0,0,0,0,0,0,0,0,0,0,0,0,0,0.7,0,0,0.7,0,0,0,0,0,0,0,1,0,0,0,0,,1,1,1,1,1,1,1,1,1,1,1,1,1,1,1,1,1,1,1,1,1,1,1,1,1,1,1,1,1,1,1,1,1,1,1,1,1,1,1,,0,0,0,0,0,0,0,0,0,0,0,0,0,0,0,0,0,0,0,0,0,0,0,0,0,0,0,0,0,0,0,0,0,0,0,0,0,0,0,0,0,0,0,0,0,0,0,0
0.25,,C_plocamia,Mesozooplankton,mesozooplakton,,,,7,2.942424536,8.464285851,15,56,6.1178E-05,0.267857134,0.35,0,0,,0,0,,0,0,,0,0,0,0,0,0,0,0,0,0,0,0,0,0,0,0,0,0,0,0,0,0,0,0.09,0,0,0,0,0,0,0,0,0,0.42,0.75,0,0,0,0,,0,0,0,0,0,0,0,0,0,0,0,0,0,0,0,0,0,0,0,0,0,0,0,0,0,0.00080798,0,0,0,0,0,0,0,0,0,5.94502E-05,5.02405E-05,,0.95,0,0,0.05,,7,3.11,7,,0,0,0,0,0,1,0,1,0.5,0.5,0,0,,0.995,0.9,0.5,0.5,0.2,0.2,0,0,0,0,0,0,0,0,0,0,0,0,0,0,0,0,0,0,0,0,0,0,0,0,0,0,0,0,0,0,0,,0,0,,0,0,,0,0,0,0,0,0,0,0,0,0,0,0,0,0,0,0,0,0,0,0,0,0,0,0,0,0,0,0,0,0,0,0,0,1,1,0,0,0,0,,1,1,1,1,1,1,1,1,1,1,1,1,1,1,1,1,1,1,1,1,1,1,1,1,1,1,1,1,1,1,1,1,1,1,1,1,1,1,1,,0,0,0,0,0,0,0,0,0,0,0,0,0,0,0,0,0,0,0,0,0,0,0,0,0,0,0,0,0,0,0,0,0,0,0,0,0,0,0,0,0,0,0,0,0,0,0,0
0,,Macrobenthos,Macrozooplankton,macrozooplankton,,,,8,2.044767141,23.16699982,1.200000048,10.00000095,0.790294945,0.11999999,0.2,0,0,,0,0,,0,0,,0,0,0,0,0,0,0,0.05,0,0,0,0,0,0,0.0125,0.005,0,0.154,0.035,0.0025,0.14,0,0.5585,0.32,0.114,0.6215,0.55695,0.09815,0.778,0.0415,0,0,0,0.54,0,0,0,0,0,,0,0,0,0,0,0,0,0,0,0.50000006,0,0,0,0,0,0,0.03938223,0.016676364,0,0.099887155,0.005191057,3.78725E-05,0.000306183,0,0.009884818,0.001049612,0.000282972,0.069848023,0.043028057,0.038838565,0.123608224,0.000304754,0,0,0,2.79266E-05,0,,0,0,0,1,,8,3.11,8,,0,0,0,0,0,1,0,1,0.5,0.5,0,0,,0.995,0.7,0.2,0,0.2,0.2,0,0,0,0,0,0,0,0,0,0,0,0,0,0,0,0,0,0,0,0,0,0,0,0,0,0,0,0,0,0,0,,0.579979477,0,,0.579979477,0,,0,0,0,0,0,0,0,0.2,0,0,0,0,0,0,0.5,0.5,0,1,1,1,0.7,0,0.7,0.7,0.7,0.7,0.7,0.7,0.7,0.7,0,0,0,1,0,0,0,0,0,,1,1,1,1,1,1,1,1,1,1,1,1,1,1,1,1,1,1,1,1,1,1,1,1,1,1,1,1,1,1,1,1,1,1,1,1,1,1,1,,0,0,0,0,0,0,0,0,0,0,0,0,0,0,0,0,0,0,0,0,0,0,0,0,0,0,0,0,0,0,0,0,0,0,0,0,0,0,0,0,0,0,0,0,0,0,0,0
0,,Sardine Sardino,Gelatinous zoop,small_jellyfish,,,,9,3.081475496,10.73799992,1.399999976,12,0.969431221,0.116666667,0.35,0,0,,0,5.6513425,,0,0.174626483,,0,0,0,0,0,0,0,0,0,0,0,0,0,0,0.05,0.04925,0,0.05,0,0,0,0,0.0238,0,0,0,0.00865,0,0,0,0.2235,0,0,0,0,0,0,0,0,,0,0.542556226,0,0,0,0,0,0,0,0,0,0,0,0,0,0,0.339865208,0.354392111,0,0.069968946,0,0,0,0,0.000908801,0,0,0,0.001441777,0,0,0,0.048070565,0,0,0,0,,0,0,0,1,,9,3.11,9,,0,0,0,0,0,1,0,1,0.5,0.5,0,0,,0.995,0.4,1,0,0.2,0.2,0,0,0,0,0,0,0,0,0,0,0,0,0,0,0,0,0,0,0,0,0,0,0,0,0,0,0,0,0,0,0,,0.503285656,0,,0.503285656,0,,0,0,0,0,0,0,0,0,0,0,0,0,0,0,0,0.5,0,1,0,0,0,0,0.7,0,0,0,0.7,0,0,0,1,0,0,0,0,0,0,0,0,,1,1,1,1,1,1,1,1,1,1,1,1,1,1,1,1,1,1,1,1,1,1,1,1,1,1,1,1,1,1,1,1,1,1,1,1,1,1,1,,0,0,0,0,0,0,0,0,0,0,0,0,0,0,0,0,0,0,0,0,0,0,0,0,0,0,0,0,0,0,0,0,0,0,0,0,0,0,0,0,0,0,0,0,0,0,0,0
0.718174253,,Anchovy Engraul,C_plocamia,large_jellyfish,,,,10,2.934081554,58.31650162,2,15,0.816836357,0.13333334,0.35,0,0,,0,22.475495,,0,0.694492796,,0,0,0,0,0,0,0,0,0,0,0,0.068,0,0,0.375,0.40035,0.6605,0.2135,0.36,0.014,0.5,0,0.08,0,0,0.059,0.187,0,0.099,0.212,0.6275,0.458,0.1,0.003,0,0,0,0,0,,0,0.397314429,0,0,0,0,0,0,0,0,0,0,0,0.011387355,0,0,0.469353318,0.530456245,0.083027177,0.055012975,0.021211367,8.4254E-05,0.000434411,0,0.000562489,0,0,0.002634167,0.005739255,0,0.006248579,0.000618467,0.024851203,0.022525219,0.002212067,6.16345E-08,0,,0,0.25,0,0.75,,10,3.11,10,,0,0,0,0,0,1,0,1,0.5,0.5,0,0,,0.995,0.4,1,0,0.2,0.2,0,0,0,0,0,0,0,0,0,0,0,0,0,0,0,0,0,0,0,0,0,0,0,0,0,0,0,0,0,0,0,,0,0,,0,0,,0,0,0,0,0,0,0.6,0,0,0,0,0.5,0,0,0.5,0.5,0.5,1,1,1,0.7,0,0.7,0,0,0.7,0.7,0,0.7,0.7,1,1,0,0,1,0,0,0,0,,1,1,1,1,1,1,1,1,1,1,1,1,1,1,1,1,1,1,1,1,1,1,1,1,1,1,1,1,1,1,1,1,1,1,1,1,1,1,1,,0,0,0,0,0,0,0,0,0,0,0,0,0,0,0,0,0,0,0,0,0,0,0,0,0,0,0,0,0,0,0,0,0,0,0,0,0,0,0,0,0,0,0,0,0,0,0,0
0.281825747,,Mesopelagics,Macrobenthos,macrobenthos,,,,11,3.284848452,14.62849998,1.399999976,14,0.264740795,0.100000001,0.35,0,0,,0,0,,0,0,,0,0,0,0,0,0,0,0,0,0,0,0.38,0,0,0,0.0016175,0,0.08,0.084,0.0155,0,0,0,0,0,0,0.000487,0,0,0,0,0.030975,0,0,0,0,0,0,0,,0,0,0,0,0,0,0,0,0,0,0,0,0,0.253681719,0,0,0,0.008543693,0,0.082176737,0.019730454,0.000371866,0,0,0,0,0,0,5.95847E-05,0,0,0,0,0.006073045,0,0,0,,0.25,0,0,0.75,,11,3.21,11,,0,0,0,0,0,1,0,1,0,1,0,0,,0.995,0.4,0.1,0,0.2,0.2,0,0,0,0,0,0,0,0,0,0,0,0,0,0,0,0,0,0,0,0,0,0,0,0,0,0,0,0,0,0,0,,1,0,,1,0,,0,0,0,0,0,0,0,0,0,0,0,0.5,0,0,0,0.5,0,1,1,1,0,0,0,0,0,0,0.7,0,0,0,0,1,0,0,0,0,0,0,0,,1,1,1,1,1,1,1,1,1,1,1,1,1,1,1,1,1,1,1,1,1,1,1,1,1,1,1,1,1,1,1,1,1,1,1,1,1,1,1,,0,0,0,0,0,0,0,0,0,0,0,0,0,0,0,0,0,0,0,0,0,0,0,0,0,0,0,0,0,0,0,0,0,0,0,0,0,0,0,0,0,0,0,0,0,0,0,0
,,Jumbo squid Dos,Sardine Sardino,forage_fish,,,,12,4.099747658,0.38350001,8.909999847,25.45714378,0.799978435,0.349999994,0.2,0,0,,0,0.10020266,,0,0.00526064,,0,0,0,0,0,0,0,0,0,0,0,0.14,0,0,0,0,0.0357,0.042,0.006,0.0555,0,0,0.01335,0,0,0,0.00232,0,0,0.3545,0,0,0.2,0,0,0,0,0,0,,0,0.275002062,0,0,0,0,0,0,0,0,0,0,0,3.565069914,0,0,0,0,0.682404399,1.64566958,0.05375804,0.050790414,0,0,0.014273523,0,0,0,0.010827494,0,0,0.15726158,0,0,0.67275095,0,0,,0,0,0,1,,12,3.12,12,,0,0,0,0,0,1,0,1,1,0,0,0,,0.995,0.4,1,0,0.2,0.2,0,0,0,0,0,0,0,0,0,0,0,0,0,0,0,0,0,0,0,0,0,0,0,0,0,0,0,0,0,0,0,,0,0.89374636,,0,0.89374636,,0,0,0,0,0,0,0,0,0,0,0,0.5,0,0,0,0,0.5,1,1,1,0,0,0.7,0,0,0,0.7,0,0,0.7,0,0,0,0,0,0,0,0,0,,1,1,1,1,1,1,1,1,1,1,1,1,1,1,1,1,1,1,1,1,1,1,1,1,1,1,1,1,1,1,1,1,1,1,1,1,1,1,1,,0,0,0,0,0,0,0,0,0,0,0,0,0,0,0,0,0,0,0,0,0,0,0,0,0,0,0,0,0,0,0,0,0,0,0,0,0,0,0,0,0,0,0,0,0,0,0,0
,,Other Cephalopods,Anchovy Engraul,forage_fish,,,,13,3.304915905,1.806318402,4.300000191,10,0.949999988,0.430000007,0.2,0,0,,0.033701515,0,,0.00176933,0,,0,0,0,0,0,0,0,0,0,0,0,0.07,0,0,0.03,0.0405,0.04425,0.0575,0.004,0.0035,0,0,0.0645,0,0.0371,0.0225,0.019465,0,0,0.09,0,0,0,0,0,0,0,0,0,,0.019637095,0,0,0,0,0,0,0,0,0,0,0,0,0.378450543,0,0,1.21223557,1.732454777,0.179579973,0.478335112,0.007608925,0.00068003,0,0,0.014641336,0,0.001181106,0.032431796,0.019287031,0,0,0.008476568,0,0,0,0,0,,0.25,0,0,0.75,,13,3.12,12,,0,0,0,0,0,1,0,1,1,0,0,0,,0.995,0.4,0.7,0,0.2,0.2,0,0,0,0,0,0,0,0,0,0,0,0,0,0,0,0,0,0,0,0,0,0,0,0,0,0,0,0,0,0,0,,0.775078305,0,,0.775078305,0,,0,0,0,0,0,0,0,0,0,0,0,0.5,0,0,0.5,0.5,0.5,1,1,1,0,0,0.7,0,0.7,0.7,0.7,0,0,0.7,0,0,0,0,0,0,0,0,0,,1,1,1,1,1,1,1,1,1,1,1,1,1,1,1,1,1,1,1,1,1,1,1,1,1,1,1,1,1,1,1,1,1,1,1,1,1,1,1,,0,0,0,0,0,0,0,0,0,0,0,0,0,0,0,0,0,0,0,0,0,0,0,0,0,0,0,0,0,0,0,0,0,0,0,0,0,0,0,0,0,0,0,0,0,0,0,0
,,Other small pelagics,Mesopelagics,mesopelagics,,,,14,2.808612585,10.99673748,1,10,0.899999917,0.100000001,0.35,0,0,,0,1.5223365,,0,0.167457015,,0,0,0,0,0,0,0,0,0,0,0,0.0413,0,0,0.01725,0.035,0.10564,0.084,0.14,0.01,0,0,0.003415,0,0,0.006185,0.05,0.109,0.000615,0,0.0809,0.008355,0,0,0,0,0,0,0,,0,0.153663173,0,0,0,0,0,0,0,0,0,0,0,0.036676809,0,0,0.114494689,0.245926514,0.070421211,0.114782102,0.043744329,0.000319147,0,0,0.000127333,0,0,0.001464396,0.008137885,0.090866804,0.000205849,0,0.016990639,0.002179102,0,0,0,,0.25,0,0,0.75,,14,3.12,13,,0,0,0,0,0,1,0,1,1,0,0,0,,0.995,0,0.7,0,0.2,0.2,0,0,0,0,0,0,0,0,0,0,0,0,0,0,0,0,0,0,0,0,0,0,0,0,0,0,0,0,0,0,0,,0.202989042,0,,0.202989042,0,,0,0,0,0,0,0,0,0,0,0,0,0.5,0,0,0.5,0.5,0.5,1,1,1,0,0,0.7,0,0,0.7,0.7,0.7,0.7,0,1,1,0,0,0,0,0,0,0,,1,1,1,1,1,1,1,1,1,1,1,1,1,1,1,1,1,1,1,1,1,1,1,1,1,1,1,1,1,1,1,1,1,1,1,1,1,1,1,,0,0,0,0,0,0,0,0,0,0,0,0,0,0,0,0,0,0,0,0,0,0,0,0,0,0,0,0,0,0,0,0,0,0,0,0,0,0,0,0,0,0,0,0,0,0,0,0
0.718174253,,Horse mackerel,Jumbo squid Dos,cephalopods,,,,15,3.449854851,7.298999786,1.200000048,10,0.236502528,0.120000005,0.35,0,0,,0,1.694173,,0,0.052349946,,0,0,0,0,0,0,0,0,0,0,0,0,0,0,0,0,0,0,0,0.0025,0,0,0.002985,0,0,0,0,0,0,0.0105,0.0075,0.01595,0.2,0,0,0,0,0,0,,0,0.239282504,0,0,0,0,0,0,0,0,0,0,0,0,0,0,0,0,0,0,0,0.000120207,0,0,0.000167686,0,0,0,0,0,0,0.000244736,0.002373138,0.006267471,0.035347305,0,0,,0,0,0,1,,15,3.12,14,,0,0,0,0,0,1,0,1,1,0,0,0,,0.995,1,0.7,0,0.2,0.2,0,0,0,0,0,0,0,0,0,0,0,0,0,0,0,0,0,0,0,0,0,0,0,0,0,0,0,0,0,0,0,,1,0,,1,0,,0,0,0,0,0,0,0,0,0,0,0,0,0,0,0,0,0,0,0,1,0,0,0.7,0,0,0,0,0,0,0.7,1,1,0,0,0,0,0,0,0,,1,1,1,1,1,1,1,1,1,1,1,1,1,1,1,1,1,1,1,1,1,1,1,1,1,1,1,1,1,1,1,1,1,1,1,1,1,1,1,,0,0,0,0,0,0,0,0,0,0,0,0,0,0,0,0,0,0,0,0,0,0,0,0,0,0,0,0,0,0,0,0,0,0,0,0,0,0,0,0,0,0,0,0,0,0,0,0
0.281825747,,Chub Mackerel,Other Cephalopods,cephalopods,,,,16,3.6086483,7.690000057,0.850000024,10,0.155127451,0.085000001,0.25,0,0,,0,0.720394,,0,0.022260175,,0,0,0,0,0,0,0,0,0,0,0,0,0,0,0,0,0,0,0,0.038,0,0,0,0,0,0,0,0,0,0,0,0,0.2,0,0,0,0,0,0,,0,0.096574016,0,0,0,0,0,0,0,0,0,0,0,0,0,0,0,0,0,0,0,0.001734249,0,0,0,0,0,0,0,0,0,0,0,0,0.033550061,0,0,,0,0,0,1,,16,3.12,14,,0,0,0,0,0,1,0,1,1,0,0,0,,0.995,1,0.7,0,0.2,0.2,0,0,0,0,0,0,0,0,0,0,0,0,0,0,0,0,0,0,0,0,0,0,0,0,0,0,0,0,0,0,0,,0.238593697,0,,0.238593697,0,,0,0,0,0,0,0,0,0,0,0,0,0,0,0,0,0,0,0,0,1,0,0,0,0,0,0,0,0,0,0,0,0,0,0,0,0,0,0,0,,1,1,1,1,1,1,1,1,1,1,1,1,1,1,1,1,1,1,1,1,1,1,1,1,1,1,1,1,1,1,1,1,1,1,1,1,1,1,1,,0,0,0,0,0,0,0,0,0,0,0,0,0,0,0,0,0,0,0,0,0,0,0,0,0,0,0,0,0,0,0,0,0,0,0,0,0,0,0,0,0,0,0,0,0,0,0,0
,,Other large pelagics,Other small pelagics,pelagic_planktivorous_fish,,,,17,3.907634974,1.172999978,0.625,6.25,0.533972442,0.100000001,0.2,0,0,,0,0.30073785,,0,0.033081164,,0,0,0,0,0,0,0,0,0,0,0,0,0,0,0,0,0,0.0015,0,0,0,0,0.0025,0,0,0,0.001535,0,0,0.1842,0,0,0,0,0,0,0,0,0,,0,0.284585714,0,0,0,0,0,0,0,0,0,0,0,0,0,0,0,0,0,0.019215513,0,0,0,0,0.000873891,0,0,0,0.002342155,0,0,0.026715508,0,0,0,0,0,,0,0,0,1,,17,3.12,15,,0,0,0,0,0,1,0,1,1,0,0,0,,0.995,1,0.7,0,0.2,0.2,0,0,0,0,0,0,0,0,0,0,0,0,0,0,0,0,0,0,0,0,0,0,0,0,0,0,0,0,0,0,0,,0.649767328,0,,0.649767328,0,,0,0,0,0,0,0,0,0,0,0,0,0,0,0,0,0,0,1,0,0,0,0,0.7,0,0,0,0.7,0,0,0.7,0,0,0,0,0,0,0,0,0,,1,1,1,1,1,1,1,1,1,1,1,1,1,1,1,1,1,1,1,1,1,1,1,1,1,1,1,1,1,1,1,1,1,1,1,1,1,1,1,,0,0,0,0,0,0,0,0,0,0,0,0,0,0,0,0,0,0,0,0,0,0,0,0,0,0,0,0,0,0,0,0,0,0,0,0,0,0,0,0,0,0,0,0,0,0,0,0
,,Small hake Merl,Horse mackerel,pelagic_piscivorous_fish,,,,18,3.740723372,2.007999897,1.122499943,7.483332634,0.721367657,0.150000006,0.35,0,0,,0,1.027781,,0,0.138133766,,0,0,0,0,0,0,0,0,0,0,0,0.0319,0,0,0,0,0,0,0,0.396,0,0,0,0,0,0,0,0,0,0.056,0,0,0,0,0,0,0,0,0,,0,0.580634892,0,0,0,0,0,0,0,0,0,0,0,0.155143067,0,0,0,0,0,0,0,0.069212668,0,0,0,0,0,0,0,0,0,0.004744563,0,0,0,0,0,,0.1,0,0,0.9,,18,3.12,16,,0,0,0,0,0,1,0,1,1,0,0,0,,0.995,1,1,0,0.2,0.2,0,0,0,0,0,0,0,0,0,0,0,0,0,0,0,0,0,0,0,0,0,0,0,0,0,0,0,0,0,0,0,,0.471404521,0,,0.471404521,0,,0,0,0,0,0,0,0,0,0,0,0,0.5,0,0,0,0,0,1,1,1,0,0,0,0,0,0,0,0,0,0.7,0,1,0,0,0,0,0,0,0,,1,1,1,1,1,1,1,1,1,1,1,1,1,1,1,1,1,1,1,1,1,1,1,1,1,1,1,1,1,1,1,1,1,1,1,1,1,1,1,,0,0,0,0,0,0,0,0,0,0,0,0,0,0,0,0,0,0,0,0,0,0,0,0,0,0,0,0,0,0,0,0,0,0,0,0,0,0,0,0,0,0,0,0,0,0,0,0
,,Medium hake,Chub Mackerel,pelagic_piscivorous_fish,,,,19,3.874456882,0.288500011,1.786499977,11.90999985,0.140744582,0.150000006,0.2,0,0,,0,0.0265,,0,0.022176,,0,0,0,0,0,0,0,0,0,0,0,0,0,0,0,0,0,0,0,0,0,0,0.02455,0,0.216,0,0,0,0,0.0080945,0,0,0,0,0,0,0,0,0,,0,0.168720961,0,0,0,0,0,0,0,0,0,0,0,0,0,0,0,0,0,0,0,0,0,0,0.034891605,0,0.04305435,0,0,0,0,0.00477327,0,0,0,0,0,,0,0,0,1,,19,3.12,16,,0,0,0,0,0,1,0,1,1,0,0,0,,0.995,1,1,0,0.2,0.2,0,0,0,0,0,0,0,0,0,0,0,0,0,0,0,0,0,0,0,0,0,0,0,0,0,0,0,0,0,0,0,,0.923989244,0,,0.923989244,0,,0,0,0,0,0,0,0,0,0,0,0,0,0,0,0,0,0,0,0,0,0,0,0.7,0,0.7,0,0,0,0,0.7,0,0,0,0,0,0,0,0,0,,1,1,1,1,1,1,1,1,1,1,1,1,1,1,1,1,1,1,1,1,1,1,1,1,1,1,1,1,1,1,1,1,1,1,1,1,1,1,1,,0,0,0,0,0,0,0,0,0,0,0,0,0,0,0,0,0,0,0,0,0,0,0,0,0,0,0,0,0,0,0,0,0,0,0,0,0,0,0,0,0,0,0,0,0,0,0,0
10,,Large hake Merl,Other large pelagics,pelagic_piscivorous_fish,,,,20,4.382637024,0.041499998,1.279999971,8.533332825,0.873867273,0.150000006,0.2,0,0,,0,0,,0,0.046334763,,0,0,0,0,0,0,0,0,0,0,0,0,0,0,0,0,0,0,0,0,0,0,0,0,0,0,0,0,0,0.0005,0,0,0,0,0,0,0,0,0,,0,1.116500378,0,0,0,0,0,0,0,0,0,0,0,0,0,0,0,0,0,0,0,0,0,0,0,0,0,0,0,0,0,0.002049717,0,0,0,0,0,,0,0,0,1,,20,3.12,16,,0,0,0,0,0,1,0,1,1,0,0,0,,0.995,1,1,0,0.2,0.2,0,0,0,0,0,0,0,0,0,0,0,0,0,0,0,0,0,0,0,0,0,0,0,0,0,0,0,0,0,0,0,,0,0.906667444,,0,0.906667444,,0,0,0,0,0,0,0,0,0,0,0,0,0,0,0,0,0,0,0,0,0,0,0,0,0,0,0,0,0,0.7,0,0,0,0,0,0,0,0,0,,1,1,1,1,1,1,1,1,1,1,1,1,1,1,1,1,1,1,1,1,1,1,1,1,1,1,1,1,1,1,1,1,1,1,1,1,1,1,1,,0,0,0,0,0,0,0,0,0,0,0,0,0,0,0,0,0,0,0,0,0,0,0,0,0,0,0,0,0,0,0,0,0,0,0,0,0,0,0,0,0,0,0,0,0,0,0,0
2,,Flatfish,Small hake Merl,demersal_piscivorous_fish,,,,21,3.919575453,0.025,0.30399999,2.026666403,0.995458782,0.150000021,0.2,0,0,,0.003656061,0,,0.000402167,0,,0,0,0,0,0,0,0,0,0,0,0,0,0,0,0,0,0,0,0,0,0,0,0.003675,0,0.009205,0.000565,0,0,0,0,0,0,0,0,0,0,0,0,0,,0.162329078,0,0,0,0,0,0,0,0,0,0,0,0,0,0,0,0,0,0,0,0,0,0,0,0.060274363,0,0.021173509,0.058842514,0,0,0,0,0,0,0,0,0,,0.25,0,0,0.75,,21,3.12,17,,0,0,0,0,0,1,0,1,0.5,0.5,0,0,,0.995,0.4,0.8,0,0.2,0.2,0,0,0,0,0,0,0,0,0,0,0,0,0,0,0,0,0,0,0,0,0,0,0,0,0,0,0,0,0,0,0,,0,1,,0,1,,0,0,0,0,0,0,0,0,0,0,0,0,0,0,0,0,0,0,0,0,0,0,0.7,0,0.7,0.7,0,0,0,0,0,0,0,0,0,0,0,0,0,,1,1,1,1,1,1,1,1,1,1,1,1,1,1,1,1,1,1,1,1,1,1,1,1,1,1,1,1,1,1,1,1,1,1,1,1,1,1,1,,0,0,0,0,0,0,0,0,0,0,0,0,0,0,0,0,0,0,0,0,0,0,0,0,0,0,0,0,0,0,0,0,0,0,0,0,0,0,0,0,0,0,0,0,0,0,0,0
2,,Small demersals,Medium hake,demersal_piscivorous_fish,,,,22,2.472727299,5.230000019,2.299999952,15.33333206,0.751621485,0.150000006,0.2,0,0,,0.01742273,0,,0.0019165,0,,0,0,0,0,0,0,0,0,0,0,0,0,0.01,0,0.0102075,0.023271375,0.153,0.1575,0.22,0.092,0,0,0.10815,0,0.0311,0.108,0.13,0,0,0.01105,0.0608,0.46,0,0,0,0,0,0,0,,0.00369775,0,0,0,0,0,0,0,0,0,0,0,0,0,0.034537636,0,0.142455041,0.343812406,0.214451283,0.452519834,0.144536838,0.006173625,0,0,0.008478912,0,0.000341954,0.05376564,0.044488415,0,0,0.000359445,0.026848933,0.252261609,0,0,0,,0.25,0,0,0.75,,22,3.12,17,,0,0,0,0,0,1,0,1,0.5,0.5,0,0,,0.995,0.4,0.2,0,0.2,0.2,0,0,0,0,0,0,0,0,0,0,0,0,0,0,0,0,0,0,0,0,0,0,0,0,0,0,0,0,0,0,0,,0,0.213000957,,0,0.213000957,,0,0,0,0,0,0,0,0,0,0,0,0,0,0,0.5,0.5,0.5,1,1,1,0,0,0.7,0,0.7,0.7,0.7,0,0,0.7,1,1,0,0,0,0,0,0,0,,1,1,1,1,1,1,1,1,1,1,1,1,1,1,1,1,1,1,1,1,1,1,1,1,1,1,1,1,1,1,1,1,1,1,1,1,1,1,1,,0,0,0,0,0,0,0,0,0,0,0,0,0,0,0,0,0,0,0,0,0,0,0,0,0,0,0,0,0,0,0,0,0,0,0,0,0,0,0,0,0,0,0,0,0,0,0,0
39,,Benthic elasmob,Large hake Merl,demersal_piscivorous_fish,,,,23,3.408926964,0.061500002,1,6.666666508,0.658725798,0.150000006,0.2,0,0,,0.03649697,0,,0.004014667,0,,0,0,0,0,0,0,0,0,0,0,0,0,0,0,0,0,0,0,0,0,0,0,0,0,0,0,0,0,0,0,0,0,0,0,0,0,0,0,0,,0.658725798,0,0,0,0,0,0,0,0,0,0,0,0,0,0,0,0,0,0,0,0,0,0,0,0,0,0,0,0,0,0,0,0,0,0,0,0,,0,0,0,1,,23,3.12,17,,0,0,0,0,0,1,0,1,0.5,0.5,0,0,,0.995,0.4,0.2,0,0.2,0.2,0,0,0,0,0,0,0,0,0,0,0,0,0,0,0,0,0,0,0,0,0,0,0,0,0,0,0,0,0,0,0,,0,0,,0,0,,0,0,0,0,0,0,0,0,0,0,0,0,0,0,0,0,0,0,0,0,0,0,0,0,0,0,0,0,0,0,0,0,0,0,0,0,0,0,0,,1,1,1,1,1,1,1,1,1,1,1,1,1,1,1,1,1,1,1,1,1,1,1,1,1,1,1,1,1,1,1,1,1,1,1,1,1,1,1,,0,0,0,0,0,0,0,0,0,0,0,0,0,0,0,0,0,0,0,0,0,0,0,0,0,0,0,0,0,0,0,0,0,0,0,0,0,0,0,0,0,0,0,0,0,0,0,0
37,,Butter fish,Flatfish,demersal_piscivorous_fish,,,,24,2.620731115,0.018999999,0.800000012,4,0.536757648,0.200000003,0.2,0,0,,0,0,,0,0,,0,0,0,0,0,0,0,0,0,0,0,0,0,0,0,0,0,0,0,0.015,0,0,0.0015,0,0,0,0.0012735,0,0,0,0,0,0,0,0,0,0,0,0,,0,0,0,0,0,0,0,0,0,0,0,0,0,0,0,0,0,0,0,0,0,0.277071446,0,0,0.032370768,0,0,0,0.119963937,0,0,0,0,0,0,0,0,,0,0,0,1,,24,3.22,17,,0,0,0,0,0,1,0,1,0.5,0.5,0,0,,0.995,0.4,0.2,0,0.2,0.2,0,0,0,0,0,0,0,0,0,0,0,0,0,0,0,0,0,0,0,0,0,0,0,0,0,0,0,0,0,0,0,,0,0,,0,0,,0,0,0,0,0,0,0,0,0,0,0,0,0,0,0,0,0,0,0,1,0,0,0.7,0,0,0,0.7,0,0,0,0,0,0,0,0,0,0,0,0,,1,1,1,1,1,1,1,1,1,1,1,1,1,1,1,1,1,1,1,1,1,1,1,1,1,1,1,1,1,1,1,1,1,1,1,1,1,1,1,,0,0,0,0,0,0,0,0,0,0,0,0,0,0,0,0,0,0,0,0,0,0,0,0,0,0,0,0,0,0,0,0,0,0,0,0,0,0,0,0,0,0,0,0,0,0,0,0
4,,Conger,Small demersals,demersal_planktivorous_fish,,,,25,4.170920372,0.0115,0.75,5,0.011290673,0.150000006,0.2,0,0,,0,0,,0,0,,0,0,0,0,0,0,0,0,0,0,0,0,0,0,0,0,0,0,0,0,0,0,0.0002375,0,0,0,0,0,0,0,0,0,0,0,0,0,0,0,0,,0,0,0,0,0,0,0,0,0,0,0,0,0,0,0,0,0,0,0,0,0,0,0,0,0.008468005,0,0,0,0,0,0,0,0,0,0,0,0,,0,0,0,1,,25,3.22,18,,0,0,0,0,0,1,0,1,0.5,0.5,0,0,,0.995,0.4,0.6,0,0.2,0.2,0,0,0,0,0,0,0,0,0,0,0,0,0,0,0,0,0,0,0,0,0,0,0,0,0,0,0,0,0,0,0,,0,0.102282842,,0,0.102282842,,0,0,0,0,0,0,0,0,0,0,0,0,0,0,0,0,0,0,0,0,0,0,0.7,0,0,0,0,0,0,0,0,0,0,0,0,0,0,0,0,,1,1,1,1,1,1,1,1,1,1,1,1,1,1,1,1,1,1,1,1,1,1,1,1,1,1,1,1,1,1,1,1,1,1,1,1,1,1,1,,0,0,0,0,0,0,0,0,0,0,0,0,0,0,0,0,0,0,0,0,0,0,0,0,0,0,0,0,0,0,0,0,0,0,0,0,0,0,0,0,0,0,0,0,0,0,0,0
3,,Medium demersal,Benthic elasmob,demersal_benthivorous_fish,,,,26,3.239631653,0.205500007,1.899999976,12.66666603,0.848803699,0.150000006,0.2,0,0,,0.13474545,0,,0.014822,0,,0,0,0,0,0,0,0,0,0,0,0,0,0,0,0,0,0,0,0.004,0.007,0.36,0,0.02435,0,0.3255,0.016,0.01,0,0,0.0105,0,0.02,0,0,0,0,0,0,0,,0.727822125,0,0,0,0,0,0,0,0,0,0,0,0,0,0,0,0,0,0,0,0.066881463,0.011954745,0.088759117,0,0.048585027,0,0.0910853,0.202717349,0.087095052,0,0,0.008692591,0,0.279134244,0,0,0,,0,0,0,1,,26,3.22,19,,0,0,0,0,0,1,0,1,0.5,0.5,0,0,,0.995,0.4,0.8,0,0.2,0.2,0,0,0,0,0,0,0,0,0,0,0,0,0,0,0,0,0,0,0,0,0,0,0,0,0,0,0,0,0,0,0,,0,0.301560165,,0,0.301560165,,0,0,0,0,0,0,0,0,0,0,0,0,0,0,0,0,0,1,1,1,0.7,0,0.7,0,0.7,0.7,0.7,0,0,0.7,0,1,0,0,0,0,0,0,0,,1,1,1,1,1,1,1,1,1,1,1,1,1,1,1,1,1,1,1,1,1,1,1,1,1,1,1,1,1,1,1,1,1,1,1,1,1,1,1,,0,0,0,0,0,0,0,0,0,0,0,0,0,0,0,0,0,0,0,0,0,0,0,0,0,0,0,0,0,0,0,0,0,0,0,0,0,0,0,0,0,0,0,0,0,0,0,0
12,,Medium sciaenid,Butter fish,pelagic_planktivorous_fish,,,,27,3.376660347,0.293500006,0.915499985,6.103332996,0.724276602,0.150000006,0.2,0,0,,0.055224245,0,,0.006074667,0,,0,0,0,0,0,0,0,0,0,0,0,0,0,0,0,0,0,0,0,0.2,0,0,0.018065,0,0,0,0.02,0,0,0,0,0.006945,0,0,0,0,0,0,0,,0.208854884,0,0,0,0,0,0,0,0,0,0,0,0,0,0,0,0,0,0,0,0,0.239153072,0,0,0.025237434,0,0,0,0.121962756,0,0,0,0,0.06786707,0,0,0,,0,0,0,1,,27,3.12,15,,0,0,0,0,0,1,0,1,1,0,0,0,,0.995,0.7,0.8,0,0.2,0.2,0,0,0,0,0,0,0,0,0,0,0,0,0,0,0,0,0,0,0,0,0,0,0,0,0,0,0,0,0,0,0,,0,0,,0,0,,0,0,0,0,0,0,0,0,0,0,0,0,0,0,0,0,0,1,1,1,0,0,0.7,0,0,0,0.7,0,0,0,0,1,0,0,0,0,0,0,0,,1,1,1,1,1,1,1,1,1,1,1,1,1,1,1,1,1,1,1,1,1,1,1,1,1,1,1,1,1,1,1,1,1,1,1,1,1,1,1,,0,0,0,0,0,0,0,0,0,0,0,0,0,0,0,0,0,0,0,0,0,0,0,0,0,0,0,0,0,0,0,0,0,0,0,0,0,0,0,0,0,0,0,0,0,0,0,0
37,,Prionotus steph,Conger,demersal_piscivorous_fish,,,,28,3.332785845,0.55400002,3.309999943,16.54999924,0.458543628,0.200000003,0.2,0,0,,0,0,,0,0,,0,0,0,0,0,0,0,0,0,0,0,0,0,0,0,0.000155,0,0.02,0.14,0.0915,0,0,0,0,0.233,0,0,0,0,0.0105,0,0,0,0,0,0,0,0,0,,0,0,0,0,0,0,0,0,0,0,0,0,0,0,0,0,0,0.021618377,0,0.542474031,0.86831212,0.057964943,0,0,0,0,0.02418551,0,0,0,0,0.003224418,0,0,0,0,0,,0,0,0,1,,28,3.22,17,,0,0,0,0,0,1,0,1,1,0,0,0,,0.995,0.7,0.8,0,0.2,0.2,0,0,0,0,0,0,0,0,0,0,0,0,0,0,0,0,0,0,0,0,0,0,0,0,0,0,0,0,0,0,0,,0,1,,0,1,,0,0,0,0,0,0,0,0,0,0,0,0,0,0,0,0.5,0,1,1,1,0,0,0,0,0.7,0,0,0,0,0.7,0,0,0,0,0,0,0,0,0,,1,1,1,1,1,1,1,1,1,1,1,1,1,1,1,1,1,1,1,1,1,1,1,1,1,1,1,1,1,1,1,1,1,1,1,1,1,1,1,,0,0,0,0,0,0,0,0,0,0,0,0,0,0,0,0,0,0,0,0,0,0,0,0,0,0,0,0,0,0,0,0,0,0,0,0,0,0,0,0,0,0,0,0,0,0,0,0
2,,Catfish,Medium demersal,demersal_benthivorous_fish,,,,29,3.142496824,0.613499999,0.899999976,5.999999523,0.821250677,0.150000006,0.2,0,0,,0.3061,0,,0.033671,0,,0,0,0,0,0,0,0,0,0,0,0,0,0,0,0,0,0,0,0,0,0,0,0.00795,0,0,0,0,0,0.03,0,0,0,0,0,0,0,0,0,0,,0.553824008,0,0,0,0,0,0,0,0,0,0,0,0,0,0,0,0,0,0,0,0,0,0,0,0.005313343,0,0,0,0,0,0.179988295,0,0,0,0,0,0,,0,0,0,1,,29,3.22,19,,0,0,0,0,0,1,0,1,0.5,0.5,0,0,,0.995,0.4,0.1,0,0.2,0.2,0,0,0,0,0,0,0,0,0,0,0,0,0,0,0,0,0,0,0,0,0,0,0,0,0,0,0,0,0,0,0,,0.650934631,0,,0.650934631,0,,0,0,0,0,0,0,0,0,0,0,0,0,0,0,0,0,0,0,0,0,0,0,0.7,0,0,0,0,0,0.7,0,0,0,0,0,0,0,0,0,0,,1,1,1,1,1,1,1,1,1,1,1,1,1,1,1,1,1,1,1,1,1,1,1,1,1,1,1,1,1,1,1,1,1,1,1,1,1,1,1,,0,0,0,0,0,0,0,0,0,0,0,0,0,0,0,0,0,0,0,0,0,0,0,0,0,0,0,0,0,0,0,0,0,0,0,0,0,0,0,0,0,0,0,0,0,0,0,0
2,,Chondrichthyans,Medium sciaenid,demersal_benthivorous_fish,,,,30,4.577802181,0.052499998,0.486000001,3.239999771,0.564231277,0.150000006,0.2,0,0,,0,0.012969695,,0.001426666,0,,0,0,0,0,0,0,0,0,0,0,0,0,0,0,0,0,0,0,0,0,0,0,0,0,0,0,0,0,0,0,0,0,0,0,0,0,0,0,0,,0.027174599,0.247041821,0,0,0,0,0,0,0,0,0,0,0,0,0,0,0,0,0,0,0,0,0,0,0,0,0,0,0,0,0,0,0,0,0,0,0,,0,0,0,1,,30,3.12,19,,0,0,0,0,0,1,0,1,0.5,0.5,0,0,,0.995,0,0.5,0,0.2,0.2,0,0,0,0,0,0,0,0,0,0,0,0,0,0,0,0,0,0,0,0,0,0,0,0,0,0,0,0,0,0,0,,0,0,,0,0,,0,0,0,0,0,0,0,0,0,0,0,0,0,0,0,0,0,0,0,0,0,0,0,0,0,0,0,0,0,0,0,0,0,0,0,0,0,0,0,,1,1,1,1,1,1,1,1,1,1,1,1,1,1,1,1,1,1,1,1,1,1,1,1,1,1,1,1,1,1,1,1,1,1,1,1,1,1,1,,0,0,0,0,0,0,0,0,0,0,0,0,0,0,0,0,0,0,0,0,0,0,0,0,0,0,0,0,0,0,0,0,0,0,0,0,0,0,0,0,0,0,0,0,0,0,0,0
39,,Seabirds,Prionotus steph,demersal_planktivorous_fish,,,,31,3.932691574,0.0385,0.039999999,60,0,0.000666667,0.2,0,0,,0,0,,0,0,,0,0,0,0,0,0,0,0,0,0,0,0,0,0,0,0,0,0,0,0,0,0,0,0,0,0,0,0,0,0,0,0,0,0,0,0,0,0,0,,0,0,0,0,0,0,0,0,0,0,0,0,0,0,0,0,0,0,0,0,0,0,0,0,0,0,0,0,0,0,0,0,0,0,0,0,0,,0,0,0,1,,31,3.22,18,,0,0,0,0,0,1,0,1,0.5,0.5,0,0,,0.995,1,1,0.6,0.1,0.2,0,0,0,0,0,0,0,0,0,0,0,0,0,0,0,0,0,0,0,0,0,0,0,0,0,0,0,0,0,0,0,,0,0,,0,0,,0,0,0,0,0,0,0,0,0,0,0,0,0,0,0,0,0,0,0,0,0,0,0,0,0,0,0,0,0,0,0,0,0,0,0,0,0,0,0,,1,1,1,1,1,1,1,1,1,1,1,1,1,1,1,1,1,1,1,1,1,1,1,1,1,1,1,1,1,1,1,1,1,1,1,1,1,1,1,,0,0,0,0,0,0,0,0,0,0,0,0,0,0,0,0,0,0,0,0,0,0,0,0,0,0,0,0,0,0,0,0,0,0,0,0,0,0,0,0,0,0,0,0,0,0,0,0
39,,Pinnipeds,Catfish,demersal_benthivorous_fish,,,,32,3.749128342,0.0625,0.100000001,45.90000153,0,0.002178649,0.26,0,0,,0,0,,0,0,,0,0,0,0,0,0,0,0,0,0,0,0,0,0,0,0,0,0,0,0,0,0,0,0,0,0,0,0,0,0,0,0,0,0,0,0,0,0,0,,0,0,0,0,0,0,0,0,0,0,0,0,0,0,0,0,0,0,0,0,0,0,0,0,0,0,0,0,0,0,0,0,0,0,0,0,0,,0,0,0,1,,32,3.22,19,,0,0,0,0,0,1,0,1,0.5,0.5,0,0,,0.995,1,1,0.6,0.1,0.2,0,0,0,0,0,0,0,0,0,0,0,0,0,0,0,0,0,0,0,0,0,0,0,0,0,0,0,0,0,0,0,,0,0,,0,0,,0,0,0,0,0,0,0,0,0,0,0,0,0,0,0,0,0,0,0,0,0,0,0,0,0,0,0,0,0,0,0,0,0,0,0,0,0,0,0,,1,1,1,1,1,1,1,1,1,1,1,1,1,1,1,1,1,1,1,1,1,1,1,1,1,1,1,1,1,1,1,1,1,1,1,1,1,1,1,,0,0,0,0,0,0,0,0,0,0,0,0,0,0,0,0,0,0,0,0,0,0,0,0,0,0,0,0,0,0,0,0,0,0,0,0,0,0,0,0,0,0,0,0,0,0,0,0
48,,Cetaceans,Chondrichthyans,apex_predatory_fish,,,,33,4.215967655,0.064499997,0.100000001,20,0,0.005,0.2,0,0,,0,0,,0,0,,0,0,0,0,0,0,0,0,0,0,0,0,0,0,0,0,0,0,0,0,0,0,0,0,0,0,0,0,0,0,0,0,0,0,0,0,0,0,0,,0,0,0,0,0,0,0,0,0,0,0,0,0,0,0,0,0,0,0,0,0,0,0,0,0,0,0,0,0,0,0,0,0,0,0,0,0,,0,0,0,1,,33,3.12,20,,0,0,0,0,0,1,0,1,1,0,0,0,,0.995,0.4,0.6,0.6,0.1,0.2,0,0,0,0,0,0,0,0,0,0,0,0,0,0,0,0,0,0,0,0,0,0,0,0,0,0,0,0,0,0,0,,0,0,,0,0,,0,0,0,0,0,0,0,0,0,0,0,0,0,0,0,0,0,0,0,0,0,0,0,0,0,0,0,0,0,0,0,0,0,0,0,0,0,0,0,,1,1,1,1,1,1,1,1,1,1,1,1,1,1,1,1,1,1,1,1,1,1,1,1,1,1,1,1,1,1,1,1,1,1,1,1,1,1,1,,0,0,0,0,0,0,0,0,0,0,0,0,0,0,0,0,0,0,0,0,0,0,0,0,0,0,0,0,0,0,0,0,0,0,0,0,0,0,0,0,0,0,0,0,0,0,0,0
,,C_mydas,Seabirds,seabirds ,,,,34,3.433745861,0.000343,0.192000002,3.5,0,0.054857142,0.2,0,0,,0,0,,0,0,,0,0,0,0,0,0,0,0,0,0,0,0,0,0,0,0,0,0,0,0,0,0,0,0,0,0,0,0,0,0,0,0,0,0,0,0,0,0,0,,0,0,0,0,0,0,0,0,0,0,0,0,0,0,0,0,0,0,0,0,0,0,0,0,0,0,0,0,0,0,0,0,0,0,0,0,0,,0.7,0,0,0.3,,34,3.13,21,,0,0,0,0,0,1,0,1,1,0,0,0,,0.995,0.8,0.2,0.6,0.1,0.2,0,0,0,0,0,0,0,0,0,0,0,0,0,0,0,0,0,0,0,0,0,0,0,0,0,0,0,0,0,0,0,,0,0,,0,0,,0,0,0,0,0,0,0,0,0,0,0,0,0,0,0,0,0,0,0,0,0,0,0,0,0,0,0,0,0,0,0,0.7,0,0,0,0,0,0,0,,1,1,1,1,1,1,1,1,1,1,1,1,1,1,1,1,1,1,1,1,1,1,1,1,1,1,1,1,1,1,1,1,1,1,1,1,1,1,1,,0,0,0,0,0,0,0,0,0,0,0,0,0,0,0,0,0,0,0,0,0,0,0,0,0,0,0,0,0,0,0,0,0,0,0,0,0,0,0,0,0,0,0,0,0,0,0,0
1,,D_coriacea,Pinnipeds,marine_mammals,,,,35,3.954924107,0.000162,0.192000002,3.5,0,0.054857142,0.2,0,0,,0,0,,0,0,,0,0,0,0,0,0,0,0,0,0,0,0,0,0,0,0,0,0,0,0,0,0,0,0,0,0,0,0,0,0,0,0,0,0,0,0,0,0,0,,0,0,0,0,0,0,0,0,0,0,0,0,0,0,0,0,0,0,0,0,0,0,0,0,0,0,0,0,0,0,0,0,0,0,0,0,0,,0.7,0,0,0.3,,35,3.13,22,,0,0,0,0,0,1,0,1,1,0,0,0,,0.995,0.8,0.2,0.6,0.1,0.2,0,0,0,0,0,0,0,0,0,0,0,0,0,0,0,0,0,0,0,0,0,0,0,0,0,0,0,0,0,0,0,,0,0,,0,0,,0,0,0,0,0,0,0,0,0,0,0,0,0,0,0,0,0,0,0,0,0,0,0,0,0,0,0,0,0,0,0,0,0,0,0,0,0,0,0,,1,1,1,1,1,1,1,1,1,1,1,1,1,1,1,1,1,1,1,1,1,1,1,1,1,1,1,1,1,1,1,1,1,1,1,1,1,1,1,,0,0,0,0,0,0,0,0,0,0,0,0,0,0,0,0,0,0,0,0,0,0,0,0,0,0,0,0,0,0,0,0,0,0,0,0,0,0,0,0,0,0,0,0,0,0,0,0
1,,pelagic detritus,Cetaceans,marine_mammals,,,,36,1,20,0,0,0,0,0,0,0,,0,0,,0,0,,0,0,0,0,0,0,0,0,0,0,0,0,0,0,0,0,0,0,0,0,0,0,0,0,0,0,0,0,0,0,0,0,0,0,0,0,0,0,0,,0,0,0,0,0,0,0,0,0,0,0,0,0,0,0,0,0,0,0,0,0,0,0,0,0,0,0,0,0,0,0,0,0,0,0,0,0,,0,0,0,1,,36,3.13,22,,0,0,0,0,1,0,0,1,1,0,0,0,,0.995,0.8,0,0.6,0.1,0.2,0,0,0,0,0,0,0,0,0,0,0,0,0,0,0,0,0,0,0,0,0,0,0,0,0,0,0,0,0,0,0,,0,0,,0,0,,0,0,0,0,0,0,0,0,0,0,0,0,0,0,0,0,0,0,0,0,0,0,0,0,0,0,0,0,0,0,0,0,0,0,0,0,0,0,0,,1,1,1,1,1,1,1,1,1,1,1,1,1,1,1,1,1,1,1,1,1,1,1,1,1,1,1,1,1,1,1,1,1,1,1,1,1,1,1,,0,0,0,0,0,0,0,0,0,0,0,0,0,0,0,0,0,0,0,0,0,0,0,0,0,0,0,0,0,0,0,0,0,0,0,0,0,0,0,0,0,0,0,0,0,0,0,0
1.1,,Anchovy eggs,C_mydas,sea_turtle,,,,37,1,0.43599999,0,0,1.290179968,0,0,0,0,,0,0,,0,0,,0,0,0,0,0,0,0.22,0,0.001,0.001409609,0,0,0,0,0,0,0,0,0,0,0,0,0,0,0,0,0,0,0,0,0,0,0,0,0,0,0,0,0,,0,0,0,0,0,0,0,0,104.2799988,0,0.128847629,1.232566833,0,0,0,0,0,0,0,0,0,0,0,0,0,0,0,0,0,0,0,0,0,0,0,0,0,,0,0,0,1,,37,3.13,23,,0,0,0,0,0,1,0,1,1,0,0,0,,0.995,0.8,0.2,0.6,0.1,0.2,0,0,0,0,0,0,0,0,0,0,0,0,0,0,0,0,0,0,0,0,0,0,0,0,0,0,0,0,0,0,0,,0,0,,0,0,,0,0,0,0,0,0,0,0,0.982,1.732050808,0,0,0,0,0,0,0,0,0,0,0,0,0,0,0,0,0,0,0,0,0,0,0,0,0,0,0,0,0,,1,1,1,1,1,1,1,1,1,1,1,1,1,1,1,1,1,1,1,1,1,1,1,1,1,1,1,1,1,1,1,1,1,1,1,1,1,1,1,,0,0,0,0,0,0,0,0,0,0,0,0,0,0,0,0,0,0,0,0,0,0,0,0,0,0,0,0,0,0,0,0,0,0,0,0,0,0,0,0,0,0,0,0,0,0,0,0
1.2,,offal,D_coriacea,sea_turtle,,,,38,1,0.050000001,0,0,0,0,0,0,0,,0,0,,0,0,,0,0,0,0,0,0,0,0,0,0,0,0,0,0,0,0,0,0,0,0,0,0,0,0,0,0,0,0,0,0,0,0,0,0,0,0,0,0,0,,0,0,0,0,0,0,0,0,0,0,0,0,0,0,0,0,0,0,0,0,0,0,0,0,0,0,0,0,0,0,0,0,0,0,0,0,0,,0.1,0,0,0.9,,38,3.13,23,,0,0,0,0,0,1,0,1,1,0,0,0,,0.995,1,0.2,0.2,0.1,0.2,0,0,0,0,0,0,0,0,0,0,0,0,0,0,0,0,0,0,0,0,0,0,0,0,0,0,0,0,0,0,0,,0,0,,0,0,,0,0,0,0,0,0,0,0,0,0,0,0,0,0,0,0,0,0,0,0,0,0,0,0,0,0,0,0,0,0,0,0,0,0,0,0,0,0,0,,1,1,1,1,1,1,1,1,1,1,1,1,1,1,1,1,1,1,1,1,1,1,1,1,1,1,1,1,1,1,1,1,1,1,1,1,1,1,1,,0,0,0,0,0,0,0,0,0,0,0,0,0,0,0,0,0,0,0,0,0,0,0,0,0,0,0,0,0,0,0,0,0,0,0,0,0,0,0,0,0,0,0,0,0,0,0,0
2,,benthic detritus,pelagic detritus,pelagic_detritus,,,,39,1,60,0,0,0.886068881,0,0,0,0,,0,0,,0,0,,0,0,0.425,0,0,0.2,0,0.82,0,0,0,0,0,0,0.12225,0,0,0,0,0,0,0,0.0225,0.092,0.034,0,0.01065,0,0.03632,0,0,0,0,0,0,0,0,0,0,,0,0,0,0,5893.537598,0,0,0.005295906,0,189.9694214,0,0,0,0,0,0,8.922960281,0,0,0,0,0,0,0,0.009225668,0.006990951,0.001955186,0,0.019061405,0,0.133685231,0,0,0,0,0,0,,0,0,0,0,,39,4.1,24,,0,0,0,0,0,1,0,1,1,0,0,0,,0.995,1,0.2,0.2,0.1,0.2,0,0,0,0,0,0,0,0,0,0,0,0,0,0,0,0,0,0,0,0,0,0,0,0,0,0,0,0,0,0,0,,0,0,,0,0,,0,0,0.2,0,0,0.2,0,0.2,0,0,0,0,0,0,0.5,0,0,0,0,0,0,0,0.7,0.7,0.7,0,0.7,0,0.7,0,0,0,0,0,0,0,0,0,0,,1,1,1,1,1,1,1,1,1,1,1,1,1,1,1,1,1,1,1,1,1,1,1,1,1,1,1,1,1,1,1,1,1,1,1,1,1,1,1,,0,0,0,0,0,0,0,0,0,0,0,0,0,0,0,0,0,0,0,0,0,0,0,0,0,0,0,0,0,0,0,0,0,0,0,0,0,0,0,0,0,0,0,0,0,0,0,0
2.1,,recreational fisheries,Anchovy eggs,eggs,,,,40,4.200345516,0,0,0,0,0,0,0,0,,,,,,,,0,0,0,0,0,0,0,0.13,0,0,0,0,0.1,0.05,0,0,0,0,0,0,0,0,0,0,0,0,0,0,0,0,0,0,0,0,0,0,0,0,0,,,,,,,,,,,,,,,,,,,,,,,,,,,,,,,,,,,,,,,,0,0,1,0,,40,8,25,,0,0,0,0,0,1,0,1,1,0,0,0,,,,,,,,,,,,,,,,,,,,,,,,,,,,,,,,,,,,,,,,,,,,,,0,0,0,0,0,0,0,0,0,0,0,0,0,0,0,0,0,0,0,0,0,0,0,0,0,0,0,0,0,0,0,0,0,0,0,0,0,0,0,,1,1,1,1,1,1,1,1,1,1,1,1,1,1,1,1,1,1,1,1,1,1,1,1,1,1,1,1,1,1,1,1,1,1,1,1,1,1,1,,0,0,0,0,0,0,0,0,0,0,0,0,0,0,0,0,0,0,0,0,0,0,0,0,0,0,0,0,0,0,0,0,0,0,0,0,0,0,0,0,0,0,0,0,0,0,0,0
2.2,,commercial fisheries,offal,detritus_offal,,,,41,4.036439896,0,0,0,0,0,0,0,0,,,,,,,,,,,,,,,,,,,,,,,,,,,,,,,,,,,,,,,,,,,,,,,,,,,,,,,,,,,,,,,,,,,,,,,,,,,,,,,,,,,,,,0,0,1,0,,41,4.2,26,,0,0,0,0,0,1,0,1,0,1,0,0,,,,,,,,,,,,,,,,,,,,,,,,,,,,,,,,,,,,,,,,,,,,,,,,,,,,,,,,,,,,,,,,,,,,,,,,,,,,,,,,,,,,,,,,,,,,,,,,,,,,,,,,,,,,,,,,,,,,,,,,,,,,,,0,0,0,0,0,0,0,0,0,0,0,0,0,0,0,0,0,0,0,0,0,0,0,0,0,0,0,0,0,0,0,0,0,0,0,0,0,0,0,0,0,0,0,0,0,0,0,0
2.3,,,benthic detritus,benthic_detritus,,,,,,,,,,,,,,,,,,,,,,,,,,,,,,,,,,,,,,,,,,,,,,,,,,,,,,,,,,,,,,,,,,,,,,,,,,,,,,,,,,,,,,,,,,,,,,,,,,,,,,,,42,4.3,27,,0,0,0,0,0,1,0,1,0,1,0,0,,,,,,,,,,,,,,,,,,,,,,,,,,,,,,,,,,,,,,,,,,,,,,,,,,,,,,,,,,,,,,,,,,,,,,,,,,,,,,,,,,,,,,,,,,,,,,,,,,,,,,,,,,,,,,,,,,,,,,,,,,,,,,0,0,0,0,0,0,0,0,0,0,0,0,0,0,0,0,0,0,0,0,0,0,0,0,0,0,0,0,0,0,0,0,0,0,0,0,0,0,0,0,0,0,0,0,0,0,0,0
3,,,recreational fisheries,fisheries,,,,,,,,,,,,,,,,,,,,,,,,,,,,,,,,,,,,,,,,,,,,,,,,,,,,,,,,,,,,,,,,,,,,,,,,,,,,,,,,,,,,,,,,,,,,,,,,,,,,,,,,43,5,28,,0,0,0,0,0,1,0,0,0,0,0,0,,,,,,,,,,,,,,,,,,,,,,,,,,,,,,,,,,,,,,,,,,,,,,,,,,,,,,,,,,,,,,,,,,,,,,,,,,,,,,,,,,,,,,,,,,,,,,,,,,,,,,,,,,,,,,,,,,,,,,,,,,,,,,0,0,0,0,0,0,0,0,0,0,0,0,0,0,0,0,0,0,0,0,0,0,0,0,0,0,0,0,0,0,0,0,0,0,0,0,0,0,0,0,0,0,0,0,0,0,0,0
3.11,,,commercial fisheries,fisheries,,,,,,,,,,,,,,,,,,,,,,,,,,,,,,,,,,,,,,,,,,,,,,,,,,,,,,,,,,,,,,,,,,,,,,,,,,,,,,,,,,,,,,,,,,,,,,,,,,,,,,,,44,5,28,,0,0,0,0,0,1,0,0,0,0,0,0,,,,,,,,,,,,,,,,,,,,,,,,,,,,,,,,,,,,,,,,,,,,,,,,,,,,,,,,,,,,,,,,,,,,,,,,,,,,,,,,,,,,,,,,,,,,,,,,,,,,,,,,,,,,,,,,,,,,,,,,,,,,,,0,0,0,0,0,0,0,0,0,0,0,0,0,0,0,0,0,0,0,0,0,0,0,0,0,0,0,0,0,0,0,0,0,0,0,0,0,0,0,0,0,0,0,0,0,0,0,0
3.12,,,,,,,,,,,,,,,,,,,,,,,,,,,,,,,,,,,,,,,,,,,,,,,,,,,,,,,,,,,,,,,,,,,,,,,,,,,,,,,,,,,,,,,,,,,,,,,,,,,,,,,,,,,,,,,,,,,,,,,,,,,,,,,,,,,,,,,,,,,,,,,,,,,,,,,,,,,,,,,,,,,,,,,,,,,,,,,,,,,,,,,,,,,,,,,,,,,,,,,,,,,,,,,,,,,,,,,,,,,,,,,,,,,,,,,,,,,,,,,,,,,,,,,,,,,,,,,,,,,,,,,,,,,,,,,,,,,,,,,,,,,,,,,,,,,,,,,,
3.13,,,,,,,,,,,,,,,,,,,,,,,,,,,,,,,,,,,,,,,,,,,,,,,,,,,,,,,,,,,,,,,,,,,,,,,,,,,,,,,,,,,,,,,,,,,,,,,,,,,,,,,,,,,,,,,,,,,,,,,,,,,,,,,,,,,,,,,,,,,,,,,,,,,,,,,,,,,,,,,,,,,,,,,,,,,,,,,,,,,,,,,,,,,,,,,,,,,,,,,,,,,,,,,,,,,,,,,,,,,,,,,,,,,,,,,,,,,,,,,,,,,,,,,,,,,,,,,,,,,,,,,,,,,,,,,,,,,,,,,,,,,,,,,,,,,,,,,,
3.21,,,,,,,,,,,,,,,,,,,,,,,,,,,,,,,,,,,,,,,,,,,,,,,,,,,,,,,,,,,,,,,,,,,,,,,,,,,,,,,,,,,,,,,,,,,,,,,,,,,,,,,,,,,,,,,,,,,,,,,,,,,,,,,,,,,,,,,,,,,,,,,,,,,,,,,,,,,,,,,,,,,,,,,,,,,,,,,,,,,,,,,,,,,,,,,,,,,,,,,,,,,,,,,,,,,,,,,,,,,,,,,,,,,,,,,,,,,,,,,,,,,,,,,,,,,,,,,,,,,,,,,,,,,,,,,,,,,,,,,,,,,,,,,,,,,,,,,,
3.22,,,,,,,,,,,,,,,,,,,,,,,,,,,,,,,,,,,,,,,,,,,,,,,,,,,,,,,,,,,,,,,,,,,,,,,,,,,,,,,,,,,,,,,,,,,,,,,,,,,,,,,,,,,,,,,,,,,,,,,,,,,,,,,,,,,,,,,,,,,,,,,,,,,,,,,,,,,,,,,,,,,,,,,,,,,,,,,,,,,,,,,,,,,,,,,,,,,,,,,,,,,,,,,,,,,,,,,,,,,,,,,,,,,,,,,,,,,,,,,,,,,,,,,,,,,,,,,,,,,,,,,,,,,,,,,,,,,,,,,,,,,,,,,,,,,,,,,,
3.23,,,,,,,,,,,,,,,,,,,,,,,,,,,,,,,,,,,,,,,,,,,,,,,,,,,,,,,,,,,,,,,,,,,,,,,,,,,,,,,,,,,,,,,,,,,,,,,,,,,,,,,,,,,,,,,,,,,,,,,,,,,,,,,,,,,,,,,,,,,,,,,,,,,,,,,,,,,,,,,,,,,,,,,,,,,,,,,,,,,,,,,,,,,,,,,,,,,,,,,,,,,,,,,,,,,,,,,,,,,,,,,,,,,,,,,,,,,,,,,,,,,,,,,,,,,,,,,,,,,,,,,,,,,,,,,,,,,,,,,,,,,,,,,,,,,,,,,,
8,,,,,,,,,,,,,,,,,,,,,,,,,,,,,,,,,,,,,,,,,,,,,,,,,,,,,,,,,,,,,,,,,,,,,,,,,,,,,,,,,,,,,,,,,,,,,,,,,,,,,,,,,,,,,,,,,,,,,,,,,,,,,,,,,,,,,,,,,,,,,,,,,,,,,,,,,,,,,,,,,,,,,,,,,,,,,,,,,,,,,,,,,,,,,,,,,,,,,,,,,,,,,,,,,,,,,,,,,,,,,,,,,,,,,,,,,,,,,,,,,,,,,,,,,,,,,,,,,,,,,,,,,,,,,,,,,,,,,,,,,,,,,,,,,,,,,,,,
4,,,,,,,,,,,,,,,,,,,,,,,,,,,,,,,,,,,,,,,,,,,,,,,,,,,,,,,,,,,,,,,,,,,,,,,,,,,,,,,,,,,,,,,,,,,,,,,,,,,,,,,,,,,,,,,,,,,,,,,,,,,,,,,,,,,,,,,,,,,,,,,,,,,,,,,,,,,,,,,,,,,,,,,,,,,,,,,,,,,,,,,,,,,,,,,,,,,,,,,,,,,,,,,,,,,,,,,,,,,,,,,,,,,,,,,,,,,,,,,,,,,,,,,,,,,,,,,,,,,,,,,,,,,,,,,,,,,,,,,,,,,,,,,,,,,,,,,,
4.1,,,,,,,,,,,,,,,,,,,,,,,,,,,,,,,,,,,,,,,,,,,,,,,,,,,,,,,,,,,,,,,,,,,,,,,,,,,,,,,,,,,,,,,,,,,,,,,,,,,,,,,,,,,,,,,,,,,,,,,,,,,,,,,,,,,,,,,,,,,,,,,,,,,,,,,,,,,,,,,,,,,,,,,,,,,,,,,,,,,,,,,,,,,,,,,,,,,,,,,,,,,,,,,,,,,,,,,,,,,,,,,,,,,,,,,,,,,,,,,,,,,,,,,,,,,,,,,,,,,,,,,,,,,,,,,,,,,,,,,,,,,,,,,,,,,,,,,,
4.2,,,,,,,,,,,,,,,,,,,,,,,,,,,,,,,,,,,,,,,,,,,,,,,,,,,,,,,,,,,,,,,,,,,,,,,,,,,,,,,,,,,,,,,,,,,,,,,,,,,,,,,,,,,,,,,,,,,,,,,,,,,,,,,,,,,,,,,,,,,,,,,,,,,,,,,,,,,,,,,,,,,,,,,,,,,,,,,,,,,,,,,,,,,,,,,,,,,,,,,,,,,,,,,,,,,,,,,,,,,,,,,,,,,,,,,,,,,,,,,,,,,,,,,,,,,,,,,,,,,,,,,,,,,,,,,,,,,,,,,,,,,,,,,,,,,,,,,,
4.3,,,,,,,,,,,,,,,,,,,,,,,,,,,,,,,,,,,,,,,,,,,,,,,,,,,,,,,,,,,,,,,,,,,,,,,,,,,,,,,,,,,,,,,,,,,,,,,,,,,,,,,,,,,,,,,,,,,,,,,,,,,,,,,,,,,,,,,,,,,,,,,,,,,,,,,,,,,,,,,,,,,,,,,,,,,,,,,,,,,,,,,,,,,,,,,,,,,,,,,,,,,,,,,,,,,,,,,,,,,,,,,,,,,,,,,,,,,,,,,,,,,,,,,,,,,,,,,,,,,,,,,,,,,,,,,,,,,,,,,,,,,,,,,,,,,,,,,,
6.1,,,,,,,,,,,,,,,,,,,,,,,,,,,,,,,,,,,,,,,,,,,,,,,,,,,,,,,,,,,,,,,,,,,,,,,,,,,,,,,,,,,,,,,,,,,,,,,,,,,,,,,,,,,,,,,,,,,,,,,,,,,,,,,,,,,,,,,,,,,,,,,,,,,,,,,,,,,,,,,,,,,,,,,,,,,,,,,,,,,,,,,,,,,,,,,,,,,,,,,,,,,,,,,,,,,,,,,,,,,,,,,,,,,,,,,,,,,,,,,,,,,,,,,,,,,,,,,,,,,,,,,,,,,,,,,,,,,,,,,,,,,,,,,,,,,,,,,,
6.2,,,,,,,,,,,,,,,,,,,,,,,,,,,,,,,,,,,,,,,,,,,,,,,,,,,,,,,,,,,,,,,,,,,,,,,,,,,,,,,,,,,,,,,,,,,,,,,,,,,,,,,,,,,,,,,,,,,,,,,,,,,,,,,,,,,,,,,,,,,,,,,,,,,,,,,,,,,,,,,,,,,,,,,,,,,,,,,,,,,,,,,,,,,,,,,,,,,,,,,,,,,,,,,,,,,,,,,,,,,,,,,,,,,,,,,,,,,,,,,,,,,,,,,,,,,,,,,,,,,,,,,,,,,,,,,,,,,,,,,,,,,,,,,,,,,,,,,,
5,,,,,,,,,,,,,,,,,,,,,,,,,,,,,,,,,,,,,,,,,,,,,,,,,,,,,,,,,,,,,,,,,,,,,,,,,,,,,,,,,,,,,,,,,,,,,,,,,,,,,,,,,,,,,,,,,,,,,,,,,,,,,,,,,,,,,,,,,,,,,,,,,,,,,,,,,,,,,,,,,,,,,,,,,,,,,,,,,,,,,,,,,,,,,,,,,,,,,,,,,,,,,,,,,,,,,,,,,,,,,,,,,,,,,,,,,,,,,,,,,,,,,,,,,,,,,,,,,,,,,,,,,,,,,,,,,,,,,,,,,,,,,,,,,,,,,,,,
7,,,,,,,,,,,,,,,,,,,,,,,,,,,,,,,,,,,,,,,,,,,,,,,,,,,,,,,,,,,,,,,,,,,,,,,,,,,,,,,,,,,,,,,,,,,,,,,,,,,,,,,,,,,,,,,,,,,,,,,,,,,,,,,,,,,,,,,,,,,,,,,,,,,,,,,,,,,,,,,,,,,,,,,,,,,,,,,,,,,,,,,,,,,,,,,,,,,,,,,,,,,,,,,,,,,,,,,,,,,,,,,,,,,,,,,,,,,,,,,,,,,,,,,,,,,,,,,,,,,,,,,,,,,,,,,,,,,,,,,,,,,,,,,,,,,,,,,,
,,,,,,,,,,,,,,,,,,,,,,,,,,,,,,,,,,,,,,,,,,,,,,,,,,,,,,,,,,,,,,,,,,,,,,,,,,,,,,,,,,,,,,,,,,,,,,,,,,,,,,,,,,,,,,,,,,,,,,,,,,,,,,,,,,,,,,,,,,,,,,,,,,,,,,,,,,,,,,,,,,,,,,,,,,,,,,,,,,,,,,,,,,,,,,,,,,,,,,,,,,,,,,,,,,,,,,,,,,,,,,,,,,,,,,,,,,,,,,,,,,,,,,,,,,,,,,,,,,,,,,,,,,,,,,,,,,,,,,,,,,,,,,,,,,,,,,,,
,,,,,,,,,,,,,,,,,,,,,,,,,,,,,,,,,,,,,,,,,,,,,,,,,,,,,,,,,,,,,,,,,,,,,,,,,,,,,,,,,,,,,,,,,,,,,,,,,,,,,,,,,,,,,,,,,,,,,,,,,,,,,,,,,,,,,,,,,,,,,,,,,,,,,,,,,,,,,,,,,,,,,,,,,,,,,,,,,,,,,,,,,,,,,,,,,,,,,,,,,,,,,,,,,,,,,,,,,,,,,,,,,,,,,,,,,,,,,,,,,,,,,,,,,,,,,,,,,,,,,,,,,,,,,,,,,,,,,,,,,,,,,,,,,,,,,,,,
,,,,,,,,,,,,,,,,,,,,,,,,,,,,,,,,,,,,,,,,,,,,,,,,,,,,,,,,,,,,,,,,,,,,,,,,,,,,,,,,,,,,,,,,,,,,,,,,,,,,,,,,,,,,,,,,,,,,,,,,,,,,,,,,,,,,,,,,,,,,,,,,,,,,,,,,,,,,,,,,,,,,,,,,,,,,,,,,,,,,,,,,,,,,,,,,,,,,,,,,,,,,,,,,,,,,,,,,,,,,,,,,,,,,,,,,,,,,,,,,,,,,,,,,,,,,,,,,,,,,,,,,,,,,,,,,,,,,,,,,,,,,,,,,,,,,,,,,
,,,,,,,,,,,,,,,,,,,,,,,,,,,,,,,,,,,,,,,,,,,,,,,,,,,,,,,,,,,,,,,,,,,,,,,,,,,,,,,,,,,,,,,,,,,,,,,,,,,,,,,,,,,,,,,,,,,,,,,,,,,,,,,,,,,,,,,,,,,,,,,,,,,,,,,,,,,,,,,,,,,,,,,,,,,,,,,,,,,,,,,,,,,,,,,,,,,,,,,,,,,,,,,,,,,,,,,,,,,,,,,,,,,,,,,,,,,,,,,,,,,,,,,,,,,,,,,,,,,,,,,,,,,,,,,,,,,,,,,,,,,,,,,,,,,,,,,,
,,,,,,,,,,,,,,,,,,,,,,,,,,,,,,,,,,,,,,,,,,,,,,,,,,,,,,,,,,,,,,,,,,,,,,,,,,,,,,,,,,,,,,,,,,,,,,,,,,,,,,,,,,,,,,,,,,,,,,,,,,,,,,,,,,,,,,,,,,,,,,,,,,,,,,,,,,,,,,,,,,,,,,,,,,,,,,,,,,,,,,,,,,,,,,,,,,,,,,,,,,,,,,,,,,,,,,,,,,,,,,,,,,,,,,,,,,,,,,,,,,,,,,,,,,,,,,,,,,,,,,,,,,,,,,,,,,,,,,,,,,,,,,,,,,,,,,,,
,,,,,,,,,,,,,,,,,,,,,,,,,,,,,,,,,,,,,,,,,,,,,,,,,,,,,,,,,,,,,,,,,,,,,,,,,,,,,,,,,,,,,,,,,,,,,,,,,,,,,,,,,,,,,,,,,,,,,,,,,,,,,,,,,,,,,,,,,,,,,,,,,,,,,,,,,,,,,,,,,,,,,,,,,,,,,,,,,,,,,,,,,,,,,,,,,,,,,,,,,,,,,,,,,,,,,,,,,,,,,,,,,,,,,,,,,,,,,,,,,,,,,,,,,,,,,,,,,,,,,,,,,,,,,,,,,,,,,,,,,,,,,,,,,,,,,,,,
1,,,,,,,,,,,,,,,,,,,,,,,,,,,,,,,,,,,,,,,,,,,,,,,,,,,,,,,,,,,,,,,,,,,,,,,,,,,,,,,,,,,,,,,,,,,,,,,,,,,,,,,,,,,,,,,,,,,,,,,,,,,,,,,,,,,,,,,,,,,,,,,,,,,,,,,,,,,,,,,,,,,,,,,,,,,,,,,,,,,,,,,,,,,,,,,,,,,,,,,,,,,,,,,,,,,,,,,,,,,,,,,,,,,,,,,,,,,,,,,,,,,,,,,,,,,,,,,,,,,,,,,,,,,,,,,,,,,,,,,,,,,,,,,,,,,,,,,,
1,,,,,,,,,,,,,,,,,,,,,,,,,,,,,,,,,,,,,,,,,,,,,,,,,,,,,,,,,,,,,,,,,,,,,,,,,,,,,,,,,,,,,,,,,,,,,,,,,,,,,,,,,,,,,,,,,,,,,,,,,,,,,,,,,,,,,,,,,,,,,,,,,,,,,,,,,,,,,,,,,,,,,,,,,,,,,,,,,,,,,,,,,,,,,,,,,,,,,,,,,,,,,,,,,,,,,,,,,,,,,,,,,,,,,,,,,,,,,,,,,,,,,,,,,,,,,,,,,,,,,,,,,,,,,,,,,,,,,,,,,,,,,,,,,,,,,,,,
1,,,,,,,,,,,,,,,,,,,,,,,,,,,,,,,,,,,,,,,,,,,,,,,,,,,,,,,,,,,,,,,,,,,,,,,,,,,,,,,,,,,,,,,,,,,,,,,,,,,,,,,,,,,,,,,,,,,,,,,,,,,,,,,,,,,,,,,,,,,,,,,,,,,,,,,,,,,,,,,,,,,,,,,,,,,,,,,,,,,,,,,,,,,,,,,,,,,,,,,,,,,,,,,,,,,,,,,,,,,,,,,,,,,,,,,,,,,,,,,,,,,,,,,,,,,,,,,,,,,,,,,,,,,,,,,,,,,,,,,,,,,,,,,,,,,,,,,,
1,,,,,,,,,,,,,,,,,,,,,,,,,,,,,,,,,,,,,,,,,,,,,,,,,,,,,,,,,,,,,,,,,,,,,,,,,,,,,,,,,,,,,,,,,,,,,,,,,,,,,,,,,,,,,,,,,,,,,,,,,,,,,,,,,,,,,,,,,,,,,,,,,,,,,,,,,,,,,,,,,,,,,,,,,,,,,,,,,,,,,,,,,,,,,,,,,,,,,,,,,,,,,,,,,,,,,,,,,,,,,,,,,,,,,,,,,,,,,,,,,,,,,,,,,,,,,,,,,,,,,,,,,,,,,,,,,,,,,,,,,,,,,,,,,,,,,,,,
0,,,,,,,,,,,,,,,,,,,,,,,,,,,,,,,,,,,,,,,,,,,,,,,,,,,,,,,,,,,,,,,,,,,,,,,,,,,,,,,,,,,,,,,,,,,,,,,,,,,,,,,,,,,,,,,,,,,,,,,,,,,,,,,,,,,,,,,,,,,,,,,,,,,,,,,,,,,,,,,,,,,,,,,,,,,,,,,,,,,,,,,,,,,,,,,,,,,,,,,,,,,,,,,,,,,,,,,,,,,,,,,,,,,,,,,,,,,,,,,,,,,,,,,,,,,,,,,,,,,,,,,,,,,,,,,,,,,,,,,,,,,,,,,,,,,,,,,,
0,,,,,,,,,,,,,,,,,,,,,,,,,,,,,,,,,,,,,,,,,,,,,,,,,,,,,,,,,,,,,,,,,,,,,,,,,,,,,,,,,,,,,,,,,,,,,,,,,,,,,,,,,,,,,,,,,,,,,,,,,,,,,,,,,,,,,,,,,,,,,,,,,,,,,,,,,,,,,,,,,,,,,,,,,,,,,,,,,,,,,,,,,,,,,,,,,,,,,,,,,,,,,,,,,,,,,,,,,,,,,,,,,,,,,,,,,,,,,,,,,,,,,,,,,,,,,,,,,,,,,,,,,,,,,,,,,,,,,,,,,,,,,,,,,,,,,,,,
1,,,,,,,,,,,,,,,,,,,,,,,,,,,,,,,,,,,,,,,,,,,,,,,,,,,,,,,,,,,,,,,,,,,,,,,,,,,,,,,,,,,,,,,,,,,,,,,,,,,,,,,,,,,,,,,,,,,,,,,,,,,,,,,,,,,,,,,,,,,,,,,,,,,,,,,,,,,,,,,,,,,,,,,,,,,,,,,,,,,,,,,,,,,,,,,,,,,,,,,,,,,,,,,,,,,,,,,,,,,,,,,,,,,,,,,,,,,,,,,,,,,,,,,,,,,,,,,,,,,,,,,,,,,,,,,,,,,,,,,,,,,,,,,,,,,,,,,,
0.1,,,,,,,,,,,,,,,,,,,,,,,,,,,,,,,,,,,,,,,,,,,,,,,,,,,,,,,,,,,,,,,,,,,,,,,,,,,,,,,,,,,,,,,,,,,,,,,,,,,,,,,,,,,,,,,,,,,,,,,,,,,,,,,,,,,,,,,,,,,,,,,,,,,,,,,,,,,,,,,,,,,,,,,,,,,,,,,,,,,,,,,,,,,,,,,,,,,,,,,,,,,,,,,,,,,,,,,,,,,,,,,,,,,,,,,,,,,,,,,,,,,,,,,,,,,,,,,,,,,,,,,,,,,,,,,,,,,,,,,,,,,,,,,,,,,,,,,,
0.333333333,,,,,,,,,,,,,,,,,,,,,,,,,,,,,,,,,,,,,,,,,,,,,,,,,,,,,,,,,,,,,,,,,,,,,,,,,,,,,,,,,,,,,,,,,,,,,,,,,,,,,,,,,,,,,,,,,,,,,,,,,,,,,,,,,,,,,,,,,,,,,,,,,,,,,,,,,,,,,,,,,,,,,,,,,,,,,,,,,,,,,,,,,,,,,,,,,,,,,,,,,,,,,,,,,,,,,,,,,,,,,,,,,,,,,,,,,,,,,,,,,,,,,,,,,,,,,,,,,,,,,,,,,,,,,,,,,,,,,,,,,,,,,,,,,,,,,,,,
